timeStamp,elapsed,label,responseCode,threadName,success,failureMessage,bytes,sentBytes,grpThreads,allThreads,Latency,SampleCount,ErrorCount,Connect
1614169353252,355,Homepage,200,Thread Group 1-1,true,,8168,377,1,1,0,1,0,0
1614169354270,982,Homepage,200,Thread Group 1-2,true,,8170,377,2,2,0,1,0,0
1614169355342,20,Homepage,200,Thread Group 1-3,true,,8168,377,3,3,0,1,0,0
1614169357484,21,Homepage,200,Thread Group 1-5,true,,8168,377,5,5,0,1,0,0
1614169358555,19,Homepage,200,Thread Group 1-6,true,,8168,377,6,6,0,1,0,0
1614169356413,2745,Homepage,200,Thread Group 1-4,true,,8173,377,6,6,0,1,0,0
1614169359627,20,Homepage,200,Thread Group 1-7,true,,8168,377,7,7,0,1,0,0
1614169360697,20,Homepage,200,Thread Group 1-8,true,,8171,377,8,8,0,1,0,0
1614169361768,18,Homepage,200,Thread Group 1-9,true,,8168,377,9,9,0,1,0,0
1614169362839,20,Homepage,200,Thread Group 1-10,true,,8168,377,10,10,0,1,0,0
1614169363909,17,Homepage,200,Thread Group 1-11,true,,8168,377,11,11,0,1,0,0
1614169364980,16,Homepage,200,Thread Group 1-12,true,,8171,377,12,12,0,1,0,0
1614169366050,15,Homepage,200,Thread Group 1-13,true,,8168,377,13,13,0,1,0,0
1614169367121,20,Homepage,200,Thread Group 1-14,true,,8168,377,14,14,0,1,0,0
1614169368187,16,Homepage,200,Thread Group 1-15,true,,8168,377,15,15,0,1,0,0
1614169353722,12,Architecture,200,Thread Group 1-1,true,,9122,1010,15,15,0,1,0,0
1614169355282,11,Architecture,200,Thread Group 1-2,true,,9122,1010,15,15,0,1,0,0
1614169355367,1302,Architecture,200,Thread Group 1-3,true,,9124,1010,15,15,0,1,0,0
1614169357509,9,Architecture,200,Thread Group 1-5,true,,9122,1010,15,15,0,1,0,0
1614169358578,10,Architecture,200,Thread Group 1-6,true,,9122,1010,15,15,0,1,0,0
1614169359649,10,Architecture,200,Thread Group 1-7,true,,9122,1010,15,15,0,1,0,0
1614169359161,519,Architecture,200,Thread Group 1-4,true,,9125,1010,15,15,0,1,0,0
1614169360721,9,Architecture,200,Thread Group 1-8,true,,9123,1010,15,15,0,1,0,0
1614169361790,10,Architecture,200,Thread Group 1-9,true,,9122,1010,15,15,0,1,0,0
1614169362863,11,Architecture,200,Thread Group 1-10,true,,9122,1010,15,15,0,1,0,0
1614169363931,46,Architecture,200,Thread Group 1-11,true,,9122,1010,15,15,0,1,0,0
1614169365000,9,Architecture,200,Thread Group 1-12,true,,9123,1010,15,15,0,1,0,0
1614169366068,10,Architecture,200,Thread Group 1-13,true,,9122,1010,15,15,0,1,0,0
1614169383707,10,Developers,200,Thread Group 1-1,true,,7397,1008,15,15,0,1,0,0
1614169367144,10,Architecture,200,Thread Group 1-14,true,,9122,1010,15,15,0,1,0,0
1614169385266,195,Developers,200,Thread Group 1-2,true,,7399,1008,15,15,0,1,0,0
1614169368206,10,Architecture,200,Thread Group 1-15,true,,9122,1010,15,15,0,1,0,0
1614169386641,271,Developers,200,Thread Group 1-3,true,,7399,1008,15,15,0,1,0,0
1614169387490,9,Developers,200,Thread Group 1-5,true,,7397,1008,15,15,0,1,0,0
1614169388560,9,Developers,200,Thread Group 1-6,true,,7397,1008,15,15,0,1,0,0
1614169389631,9,Developers,200,Thread Group 1-7,true,,7397,1008,15,15,0,1,0,0
1614169389652,228,Developers,200,Thread Group 1-4,true,,7400,1008,15,15,0,1,0,0
1614169390703,9,Developers,200,Thread Group 1-8,true,,7400,1008,15,15,0,1,0,0
1614169391771,10,Developers,200,Thread Group 1-9,true,,7397,1008,15,15,0,1,0,0
1614169392845,10,Developers,200,Thread Group 1-10,true,,7397,1008,15,15,0,1,0,0
1614169393950,9,Developers,200,Thread Group 1-11,true,,7397,1008,15,15,0,1,0,0
1614169394982,10,Developers,200,Thread Group 1-12,true,,7398,1008,15,15,0,1,0,0
1614169396051,9,Developers,200,Thread Group 1-13,true,,7397,1008,15,15,0,1,0,0
1614169397129,10,Developers,200,Thread Group 1-14,true,,7397,1008,15,15,0,1,0,0
1614169398189,9,Developers,200,Thread Group 1-15,true,,7397,1008,15,15,0,1,0,0
1614169396418,10,DigitalMarketing,200,Thread Group 1-1,true,,7093,1015,15,15,0,1,0,0
1614169398161,187,DigitalMarketing,200,Thread Group 1-2,true,,7095,1015,15,15,0,1,0,0
1614169399613,155,DigitalMarketing,200,Thread Group 1-3,true,,7095,1015,15,15,0,1,0,0
1614169400199,9,DigitalMarketing,200,Thread Group 1-5,true,,7093,1015,15,15,0,1,0,0
1614169401271,9,DigitalMarketing,200,Thread Group 1-6,true,,7093,1015,15,15,0,1,0,0
1614169402340,9,DigitalMarketing,200,Thread Group 1-7,true,,7093,1015,15,15,0,1,0,0
1614169402580,161,DigitalMarketing,200,Thread Group 1-4,true,,7096,1015,15,15,0,1,0,0
1614169403412,10,DigitalMarketing,200,Thread Group 1-8,true,,7096,1015,15,15,0,1,0,0
1614169404481,8,DigitalMarketing,200,Thread Group 1-9,true,,7093,1015,15,15,0,1,0,0
1614169405555,9,DigitalMarketing,200,Thread Group 1-10,true,,7093,1015,15,15,0,1,0,0
1614169406659,9,DigitalMarketing,200,Thread Group 1-11,true,,7093,1015,15,15,0,1,0,0
1614169420075,8,Devops,200,Thread Group 1-1,true,,8865,1004,15,15,0,1,0,0
1614169407691,8,DigitalMarketing,200,Thread Group 1-12,true,,7094,1015,15,15,0,1,0,0
1614169408759,8,DigitalMarketing,200,Thread Group 1-13,true,,7093,1015,15,15,0,1,0,0
1614169421994,327,Devops,200,Thread Group 1-2,true,,8867,1004,15,15,0,1,0,0
1614169409838,9,DigitalMarketing,200,Thread Group 1-14,true,,7093,1015,15,15,0,1,0,0
1614169410897,9,DigitalMarketing,200,Thread Group 1-15,true,,7093,1015,15,15,0,1,0,0
1614169423415,244,Devops,200,Thread Group 1-3,true,,8867,1004,15,15,0,1,0,0
1614169423853,10,Devops,200,Thread Group 1-5,true,,8865,1004,15,15,0,1,0,0
1614169424925,9,Devops,200,Thread Group 1-6,true,,8865,1004,15,15,0,1,0,0
1614169425995,9,Devops,200,Thread Group 1-7,true,,8865,1004,15,15,0,1,0,0
1614169426386,237,Devops,200,Thread Group 1-4,true,,8868,1004,15,15,0,1,0,0
1614169427067,8,Devops,200,Thread Group 1-8,true,,8868,1004,15,15,0,1,0,0
1614169428135,9,Devops,200,Thread Group 1-9,true,,8865,1004,15,15,0,1,0,0
1614169429210,10,Devops,200,Thread Group 1-10,true,,8865,1004,15,15,0,1,0,0
1614169430313,9,Devops,200,Thread Group 1-11,true,,8865,1004,15,15,0,1,0,0
1614169431344,9,Devops,200,Thread Group 1-12,true,,8866,1004,15,15,0,1,0,0
1614169432412,10,Devops,200,Thread Group 1-13,true,,8865,1004,15,15,0,1,0,0
1614169433492,9,Devops,200,Thread Group 1-14,true,,8865,1004,15,15,0,1,0,0
1614169434552,10,Devops,200,Thread Group 1-15,true,,8865,1004,15,15,0,1,0,0
1614169430995,8,LearningPortal,200,Thread Group 1-1,true,,8577,1017,15,15,0,1,0,0
1614169450449,16,Homepage,200,Thread Group 1-1,true,,8168,1025,15,15,0,1,0,0
1614169433232,240,LearningPortal,200,Thread Group 1-2,true,,8579,1017,15,15,0,1,0,0
1614169452917,16,Homepage,200,Thread Group 1-2,true,,8168,1025,15,15,0,1,0,0
1614169434776,8,LearningPortal,200,Thread Group 1-5,true,,8577,1017,15,15,0,1,0,0
1614169454231,16,Homepage,200,Thread Group 1-5,true,,8168,1025,15,15,0,1,0,0
1614169434571,353,LearningPortal,200,Thread Group 1-3,true,,8579,1017,15,15,0,1,0,0
1614169454370,15,Homepage,200,Thread Group 1-3,true,,8168,1025,15,15,0,1,0,0
1614169435846,9,LearningPortal,200,Thread Group 1-6,true,,8577,1017,15,15,0,1,0,0
1614169455301,15,Homepage,200,Thread Group 1-6,true,,8168,1025,15,15,0,1,0,0
1614169436916,9,LearningPortal,200,Thread Group 1-7,true,,8577,1017,15,15,0,1,0,0
1614169456371,17,Homepage,200,Thread Group 1-7,true,,8168,1025,15,15,0,1,0,0
1614169437535,221,LearningPortal,200,Thread Group 1-4,true,,8580,1017,15,15,0,1,0,0
1614169457202,15,Homepage,200,Thread Group 1-4,true,,8171,1025,15,15,0,1,0,0
1614169437987,9,LearningPortal,200,Thread Group 1-8,true,,8580,1017,15,15,0,1,0,0
1614169457442,13,Homepage,200,Thread Group 1-8,true,,8171,1025,15,15,0,1,0,0
1614169439056,8,LearningPortal,200,Thread Group 1-9,true,,8577,1017,15,15,0,1,0,0
1614169458511,14,Homepage,200,Thread Group 1-9,true,,8168,1025,15,15,0,1,0,0
1614169440133,9,LearningPortal,200,Thread Group 1-10,true,,8577,1017,15,15,0,1,0,0
1614169459588,13,Homepage,200,Thread Group 1-10,true,,8168,1025,15,15,0,1,0,0
1614169441234,11,LearningPortal,200,Thread Group 1-11,true,,8577,1017,15,15,0,1,0,0
1614169460691,53,Homepage,200,Thread Group 1-11,true,,8168,1025,15,15,0,1,0,0
1614169442265,9,LearningPortal,200,Thread Group 1-12,true,,8578,1017,15,15,0,1,0,0
1614169461720,15,Homepage,200,Thread Group 1-12,true,,8171,1025,15,15,0,1,0,0
1614169443335,9,LearningPortal,200,Thread Group 1-13,true,,8577,1017,15,15,0,1,0,0
1614169462790,15,Homepage,200,Thread Group 1-13,true,,8168,1025,15,15,0,1,0,0
1614169444413,9,LearningPortal,200,Thread Group 1-14,true,,8577,1017,15,15,0,1,0,0
1614169463868,15,Homepage,200,Thread Group 1-14,true,,8168,1025,15,15,0,1,0,0
1614169445473,9,LearningPortal,200,Thread Group 1-15,true,,8577,1017,15,15,0,1,0,0
1614169464928,13,Homepage,200,Thread Group 1-15,true,,8168,1025,15,15,0,1,0,0
1614169450468,9,Architecture,200,Thread Group 1-1,true,,9122,1010,15,15,0,1,0,0
1614169452935,10,Architecture,200,Thread Group 1-2,true,,9122,1010,15,15,0,1,0,0
1614169454250,8,Architecture,200,Thread Group 1-5,true,,9122,1010,15,15,0,1,0,0
1614169454387,9,Architecture,200,Thread Group 1-3,true,,9122,1010,15,15,0,1,0,0
1614169455319,8,Architecture,200,Thread Group 1-6,true,,9122,1010,15,15,0,1,0,0
1614169456390,10,Architecture,200,Thread Group 1-7,true,,9122,1010,15,15,0,1,0,0
1614169457219,9,Architecture,200,Thread Group 1-4,true,,9123,1010,15,15,0,1,0,0
1614169457457,9,Architecture,200,Thread Group 1-8,true,,9123,1010,15,15,0,1,0,0
1614169458527,9,Architecture,200,Thread Group 1-9,true,,9122,1010,15,15,0,1,0,0
1614169459603,9,Architecture,200,Thread Group 1-10,true,,9122,1010,15,15,0,1,0,0
1614169460745,9,Architecture,200,Thread Group 1-11,true,,9122,1010,15,15,0,1,0,0
1614169461736,8,Architecture,200,Thread Group 1-12,true,,9123,1010,15,15,0,1,0,0
1614169462807,9,Architecture,200,Thread Group 1-13,true,,9122,1010,15,15,0,1,0,0
1614169480449,8,Developers,200,Thread Group 1-1,true,,7397,1008,15,15,0,1,0,0
1614169463885,10,Architecture,200,Thread Group 1-14,true,,9122,1010,15,15,0,1,0,0
1614169464943,9,Architecture,200,Thread Group 1-15,true,,9122,1010,15,15,0,1,0,0
1614169482916,9,Developers,200,Thread Group 1-2,true,,7397,1008,15,15,0,1,0,0
1614169484229,8,Developers,200,Thread Group 1-5,true,,7397,1008,15,15,0,1,0,0
1614169484367,9,Developers,200,Thread Group 1-3,true,,7397,1008,15,15,0,1,0,0
1614169485298,9,Developers,200,Thread Group 1-6,true,,7397,1008,15,15,0,1,0,0
1614169486373,9,Developers,200,Thread Group 1-7,true,,7397,1008,15,15,0,1,0,0
1614169487198,9,Developers,200,Thread Group 1-4,true,,7398,1008,15,15,0,1,0,0
1614169487437,10,Developers,200,Thread Group 1-8,true,,7398,1008,15,15,0,1,0,0
1614169488507,15,Developers,200,Thread Group 1-9,true,,7397,1008,15,15,0,1,0,0
1614169489583,16,Developers,200,Thread Group 1-10,true,,7397,1008,15,15,0,1,0,0
1614169490725,10,Developers,200,Thread Group 1-11,true,,7397,1008,15,15,0,1,0,0
1614169491716,8,Developers,200,Thread Group 1-12,true,,7398,1008,15,15,0,1,0,0
1614169492787,8,Developers,200,Thread Group 1-13,true,,7397,1008,15,15,0,1,0,0
1614169493866,11,Developers,200,Thread Group 1-14,true,,7397,1008,15,15,0,1,0,0
1614169494923,15,Developers,200,Thread Group 1-15,true,,7397,1008,15,15,0,1,0,0
1614169493155,8,DigitalMarketing,200,Thread Group 1-1,true,,7093,1015,15,15,0,1,0,0
1614169495624,8,DigitalMarketing,200,Thread Group 1-2,true,,7093,1015,15,15,0,1,0,0
1614169496937,8,DigitalMarketing,200,Thread Group 1-5,true,,7093,1015,15,15,0,1,0,0
1614169497075,9,DigitalMarketing,200,Thread Group 1-3,true,,7093,1015,15,15,0,1,0,0
1614169498006,8,DigitalMarketing,200,Thread Group 1-6,true,,7093,1015,15,15,0,1,0,0
1614169499081,8,DigitalMarketing,200,Thread Group 1-7,true,,7093,1015,15,15,0,1,0,0
1614169499906,8,DigitalMarketing,200,Thread Group 1-4,true,,7094,1015,15,15,0,1,0,0
1614169500146,8,DigitalMarketing,200,Thread Group 1-8,true,,7094,1015,15,15,0,1,0,0
1614169501222,8,DigitalMarketing,200,Thread Group 1-9,true,,7093,1015,15,15,0,1,0,0
1614169502299,8,DigitalMarketing,200,Thread Group 1-10,true,,7093,1015,15,15,0,1,0,0
1614169503434,8,DigitalMarketing,200,Thread Group 1-11,true,,7093,1015,15,15,0,1,0,0
1614169516810,9,Devops,200,Thread Group 1-1,true,,8865,1004,15,15,0,1,0,0
1614169504422,8,DigitalMarketing,200,Thread Group 1-12,true,,7094,1015,15,15,0,1,0,0
1614169505494,8,DigitalMarketing,200,Thread Group 1-13,true,,7093,1015,15,15,0,1,0,0
1614169519278,10,Devops,200,Thread Group 1-2,true,,8865,1004,15,15,0,1,0,0
1614169506575,7,DigitalMarketing,200,Thread Group 1-14,true,,7093,1015,15,15,0,1,0,0
1614169507638,8,DigitalMarketing,200,Thread Group 1-15,true,,7093,1015,15,15,0,1,0,0
1614169520592,9,Devops,200,Thread Group 1-5,true,,8865,1004,15,15,0,1,0,0
1614169520732,10,Devops,200,Thread Group 1-3,true,,8865,1004,15,15,0,1,0,0
1614169521661,8,Devops,200,Thread Group 1-6,true,,8865,1004,15,15,0,1,0,0
1614169522736,9,Devops,200,Thread Group 1-7,true,,8865,1004,15,15,0,1,0,0
1614169523560,8,Devops,200,Thread Group 1-4,true,,8866,1004,15,15,0,1,0,0
1614169523801,9,Devops,200,Thread Group 1-8,true,,8866,1004,15,15,0,1,0,0
1614169524877,8,Devops,200,Thread Group 1-9,true,,8865,1004,15,15,0,1,0,0
1614169525955,10,Devops,200,Thread Group 1-10,true,,8865,1004,15,15,0,1,0,0
1614169527088,10,Devops,200,Thread Group 1-11,true,,8865,1004,15,15,0,1,0,0
1614169528077,8,Devops,200,Thread Group 1-12,true,,8866,1004,15,15,0,1,0,0
1614169529149,8,Devops,200,Thread Group 1-13,true,,8865,1004,15,15,0,1,0,0
1614169530230,9,Devops,200,Thread Group 1-14,true,,8865,1004,15,15,0,1,0,0
1614169531293,9,Devops,200,Thread Group 1-15,true,,8865,1004,15,15,0,1,0,0
1614169527730,9,LearningPortal,200,Thread Group 1-1,true,,8577,1017,15,15,0,1,0,0
1614169547183,14,Homepage,200,Thread Group 1-1,true,,8168,1025,15,15,0,1,0,0
1614169530200,9,LearningPortal,200,Thread Group 1-2,true,,8577,1017,15,15,0,1,0,0
1614169549653,15,Homepage,200,Thread Group 1-2,true,,8168,1025,15,15,0,1,0,0
1614169531512,8,LearningPortal,200,Thread Group 1-5,true,,8577,1017,15,15,0,1,0,0
1614169550964,62,Homepage,200,Thread Group 1-5,true,,8168,1025,15,15,0,1,0,0
1614169531654,9,LearningPortal,200,Thread Group 1-3,true,,8577,1017,15,15,0,1,0,0
1614169551107,14,Homepage,200,Thread Group 1-3,true,,8168,1025,15,15,0,1,0,0
1614169532581,8,LearningPortal,200,Thread Group 1-6,true,,8577,1017,15,15,0,1,0,0
1614169552033,14,Homepage,200,Thread Group 1-6,true,,8168,1025,15,15,0,1,0,0
1614169533655,10,LearningPortal,200,Thread Group 1-7,true,,8577,1017,15,15,0,1,0,0
1614169553109,13,Homepage,200,Thread Group 1-7,true,,8168,1025,15,15,0,1,0,0
1614169534479,8,LearningPortal,200,Thread Group 1-4,true,,8578,1017,15,15,0,1,0,0
1614169553932,14,Homepage,200,Thread Group 1-4,true,,8171,1025,15,15,0,1,0,0
1614169534719,9,LearningPortal,200,Thread Group 1-8,true,,8578,1017,15,15,0,1,0,0
1614169554173,15,Homepage,200,Thread Group 1-8,true,,8171,1025,15,15,0,1,0,0
1614169535796,8,LearningPortal,200,Thread Group 1-9,true,,8577,1017,15,15,0,1,0,0
1614169555249,13,Homepage,200,Thread Group 1-9,true,,8168,1025,15,15,0,1,0,0
1614169536876,9,LearningPortal,200,Thread Group 1-10,true,,8577,1017,15,15,0,1,0,0
1614169556329,15,Homepage,200,Thread Group 1-10,true,,8168,1025,15,15,0,1,0,0
1614169538022,8,LearningPortal,200,Thread Group 1-11,true,,8577,1017,15,15,0,1,0,0
1614169557475,14,Homepage,200,Thread Group 1-11,true,,8168,1025,15,15,0,1,0,0
1614169538995,8,LearningPortal,200,Thread Group 1-12,true,,8578,1017,15,15,0,1,0,0
1614169558448,14,Homepage,200,Thread Group 1-12,true,,8171,1025,15,15,0,1,0,0
1614169540068,8,LearningPortal,200,Thread Group 1-13,true,,8577,1017,15,15,0,1,0,0
1614169559521,15,Homepage,200,Thread Group 1-13,true,,8168,1025,15,15,0,1,0,0
1614169541149,9,LearningPortal,200,Thread Group 1-14,true,,8577,1017,15,15,0,1,0,0
1614169560603,15,Homepage,200,Thread Group 1-14,true,,8168,1025,15,15,0,1,0,0
1614169542214,8,LearningPortal,200,Thread Group 1-15,true,,8577,1017,15,15,0,1,0,0
1614169561667,14,Homepage,200,Thread Group 1-15,true,,8168,1025,15,15,0,1,0,0
1614169547199,8,Architecture,200,Thread Group 1-1,true,,9122,1010,15,15,0,1,0,0
1614169549670,9,Architecture,200,Thread Group 1-2,true,,9122,1010,15,15,0,1,0,0
1614169551028,8,Architecture,200,Thread Group 1-5,true,,9122,1010,15,15,0,1,0,0
1614169551123,10,Architecture,200,Thread Group 1-3,true,,9122,1010,15,15,0,1,0,0
1614169552048,9,Architecture,200,Thread Group 1-6,true,,9122,1010,15,15,0,1,0,0
1614169553124,10,Architecture,200,Thread Group 1-7,true,,9122,1010,15,15,0,1,0,0
1614169553948,9,Architecture,200,Thread Group 1-4,true,,9123,1010,15,15,0,1,0,0
1614169554190,8,Architecture,200,Thread Group 1-8,true,,9123,1010,15,15,0,1,0,0
1614169555264,9,Architecture,200,Thread Group 1-9,true,,9122,1010,15,15,0,1,0,0
1614169556346,8,Architecture,200,Thread Group 1-10,true,,9122,1010,15,15,0,1,0,0
1614169557491,8,Architecture,200,Thread Group 1-11,true,,9122,1010,15,15,0,1,0,0
1614169558463,8,Architecture,200,Thread Group 1-12,true,,9123,1010,15,15,0,1,0,0
1614169559538,8,Architecture,200,Thread Group 1-13,true,,9122,1010,15,15,0,1,0,0
1614169577180,7,Developers,200,Thread Group 1-1,true,,7397,1008,15,15,0,1,0,0
1614169560620,9,Architecture,200,Thread Group 1-14,true,,9122,1010,15,15,0,1,0,0
1614169561684,9,Architecture,200,Thread Group 1-15,true,,9122,1010,15,15,0,1,0,0
1614169579652,8,Developers,200,Thread Group 1-2,true,,7397,1008,15,15,0,1,0,0
1614169581009,8,Developers,200,Thread Group 1-5,true,,7397,1008,15,15,0,1,0,0
1614169581104,8,Developers,200,Thread Group 1-3,true,,7397,1008,15,15,0,1,0,0
1614169582030,8,Developers,200,Thread Group 1-6,true,,7397,1008,15,15,0,1,0,0
1614169583106,8,Developers,200,Thread Group 1-7,true,,7397,1008,15,15,0,1,0,0
1614169583929,7,Developers,200,Thread Group 1-4,true,,7398,1008,15,15,0,1,0,0
1614169584171,8,Developers,200,Thread Group 1-8,true,,7398,1008,15,15,0,1,0,0
1614169585245,8,Developers,200,Thread Group 1-9,true,,7397,1008,15,15,0,1,0,0
1614169586327,8,Developers,200,Thread Group 1-10,true,,7397,1008,15,15,0,1,0,0
1614169587472,8,Developers,200,Thread Group 1-11,true,,7397,1008,15,15,0,1,0,0
1614169588443,8,Developers,200,Thread Group 1-12,true,,7398,1008,15,15,0,1,0,0
1614169589518,8,Developers,200,Thread Group 1-13,true,,7397,1008,15,15,0,1,0,0
1614169590600,8,Developers,200,Thread Group 1-14,true,,7397,1008,15,15,0,1,0,0
1614169591664,8,Developers,200,Thread Group 1-15,true,,7397,1008,15,15,0,1,0,0
1614169589885,8,DigitalMarketing,200,Thread Group 1-1,true,,7093,1015,15,15,0,1,0,0
1614169592358,9,DigitalMarketing,200,Thread Group 1-2,true,,7093,1015,15,15,0,1,0,0
1614169593716,8,DigitalMarketing,200,Thread Group 1-5,true,,7093,1015,15,15,0,1,0,0
1614169593810,9,DigitalMarketing,200,Thread Group 1-3,true,,7093,1015,15,15,0,1,0,0
1614169594736,9,DigitalMarketing,200,Thread Group 1-6,true,,7093,1015,15,15,0,1,0,0
1614169595812,8,DigitalMarketing,200,Thread Group 1-7,true,,7093,1015,15,15,0,1,0,0
1614169596635,8,DigitalMarketing,200,Thread Group 1-4,true,,7094,1015,15,15,0,1,0,0
1614169596877,8,DigitalMarketing,200,Thread Group 1-8,true,,7094,1015,15,15,0,1,0,0
1614169597951,8,DigitalMarketing,200,Thread Group 1-9,true,,7093,1015,15,15,0,1,0,0
1614169599034,10,DigitalMarketing,200,Thread Group 1-10,true,,7093,1015,15,15,0,1,0,0
1614169600178,8,DigitalMarketing,200,Thread Group 1-11,true,,7093,1015,15,15,0,1,0,0
1614169613539,9,Devops,200,Thread Group 1-1,true,,8865,1004,15,15,0,1,0,0
1614169601150,7,DigitalMarketing,200,Thread Group 1-12,true,,7094,1015,15,15,0,1,0,0
1614169602224,8,DigitalMarketing,200,Thread Group 1-13,true,,7093,1015,15,15,0,1,0,0
1614169616012,9,Devops,200,Thread Group 1-2,true,,8865,1004,15,15,0,1,0,0
1614169603306,8,DigitalMarketing,200,Thread Group 1-14,true,,7093,1015,15,15,0,1,0,0
1614169604373,43,DigitalMarketing,200,Thread Group 1-15,true,,7093,1015,15,15,0,1,0,0
1614169617369,8,Devops,200,Thread Group 1-5,true,,8865,1004,15,15,0,1,0,0
1614169617465,9,Devops,200,Thread Group 1-3,true,,8865,1004,15,15,0,1,0,0
1614169618391,9,Devops,200,Thread Group 1-6,true,,8865,1004,15,15,0,1,0,0
1614169619467,10,Devops,200,Thread Group 1-7,true,,8865,1004,15,15,0,1,0,0
1614169620289,8,Devops,200,Thread Group 1-4,true,,8866,1004,15,15,0,1,0,0
1614169620531,8,Devops,200,Thread Group 1-8,true,,8866,1004,15,15,0,1,0,0
1614169621606,8,Devops,200,Thread Group 1-9,true,,8865,1004,15,15,0,1,0,0
1614169622689,10,Devops,200,Thread Group 1-10,true,,8865,1004,15,15,0,1,0,0
1614169623836,9,Devops,200,Thread Group 1-11,true,,8865,1004,15,15,0,1,0,0
1614169624804,9,Devops,200,Thread Group 1-12,true,,8866,1004,15,15,0,1,0,0
1614169625879,9,Devops,200,Thread Group 1-13,true,,8865,1004,15,15,0,1,0,0
1614169626961,9,Devops,200,Thread Group 1-14,true,,8865,1004,15,15,0,1,0,0
1614169628062,9,Devops,200,Thread Group 1-15,true,,8865,1004,15,15,0,1,0,0
1614169624460,10,LearningPortal,200,Thread Group 1-1,true,,8577,1017,15,15,0,1,0,0
1614169643915,16,Homepage,200,Thread Group 1-1,true,,8168,1025,15,15,0,1,0,0
1614169626933,10,LearningPortal,200,Thread Group 1-2,true,,8577,1017,15,15,0,1,0,0
1614169646387,15,Homepage,200,Thread Group 1-2,true,,8168,1025,15,15,0,1,0,0
1614169628290,8,LearningPortal,200,Thread Group 1-5,true,,8577,1017,15,15,0,1,0,0
1614169647741,12,Homepage,200,Thread Group 1-5,true,,8168,1025,15,15,0,1,0,0
1614169628387,10,LearningPortal,200,Thread Group 1-3,true,,8577,1017,15,15,0,1,0,0
1614169647840,17,Homepage,200,Thread Group 1-3,true,,8168,1025,15,15,0,1,0,0
1614169629312,8,LearningPortal,200,Thread Group 1-6,true,,8577,1017,15,15,0,1,0,0
1614169648764,14,Homepage,200,Thread Group 1-6,true,,8168,1025,15,15,0,1,0,0
1614169630389,9,LearningPortal,200,Thread Group 1-7,true,,8577,1017,15,15,0,1,0,0
1614169649842,18,Homepage,200,Thread Group 1-7,true,,8168,1025,15,15,0,1,0,0
1614169631209,8,LearningPortal,200,Thread Group 1-4,true,,8578,1017,15,15,0,1,0,0
1614169650662,13,Homepage,200,Thread Group 1-4,true,,8171,1025,15,15,0,1,0,0
1614169631451,8,LearningPortal,200,Thread Group 1-8,true,,8578,1017,15,15,0,1,0,0
1614169650902,13,Homepage,200,Thread Group 1-8,true,,8171,1025,15,15,0,1,0,0
1614169632526,8,LearningPortal,200,Thread Group 1-9,true,,8577,1017,15,15,0,1,0,0
1614169651978,14,Homepage,200,Thread Group 1-9,true,,8168,1025,15,15,0,1,0,0
1614169633611,9,LearningPortal,200,Thread Group 1-10,true,,8577,1017,15,15,0,1,0,0
1614169653063,17,Homepage,200,Thread Group 1-10,true,,8168,1025,15,15,0,1,0,0
1614169651994,1197,Architecture,200,Thread Group 1-9,true,,9122,1010,15,15,0,1,0,0
1614169653082,110,Architecture,200,Thread Group 1-10,true,,9122,1010,15,15,0,1,0,0
1614169635725,17473,LearningPortal,200,Thread Group 1-12,true,,8578,1017,13,13,0,1,0,0
1614169647859,5339,Architecture,200,Thread Group 1-3,true,,9122,1010,13,13,0,1,0,0
1614169647755,5443,Architecture,200,Thread Group 1-5,true,,9122,1010,13,13,0,1,0,0
1614169646403,6802,Architecture,200,Thread Group 1-2,true,,9122,1010,10,10,0,1,0,0
1614169637883,15323,LearningPortal,200,Thread Group 1-14,true,,8577,1017,10,10,0,1,0,0
1614169650677,2532,Architecture,200,Thread Group 1-4,true,,9123,1010,8,8,0,1,0,0
1614169643931,9277,Architecture,200,Thread Group 1-1,true,,9122,1010,8,8,0,1,0,0
1614169648780,4427,Architecture,200,Thread Group 1-6,true,,9122,1010,9,9,0,1,0,0
1614169638983,14226,LearningPortal,200,Thread Group 1-15,true,,8577,1017,8,8,0,1,0,0
1614169636799,16415,LearningPortal,200,Thread Group 1-13,true,,8577,1017,4,4,0,1,0,0
1614169650917,2295,Architecture,200,Thread Group 1-8,true,,9123,1010,4,4,0,1,0,0
1614169634757,18458,LearningPortal,200,Thread Group 1-11,true,,8577,1017,2,2,0,1,0,0
1614169649861,3355,Architecture,200,Thread Group 1-7,true,,9122,1010,1,1,0,1,0,0
